cd_holiday_ymd.dt_ymd,cd_holiday_ymd.lunar_calendar,cd_holiday_ymd.is_holiday,cd_holiday_ymd.festival,cd_holiday_ymd.is_weekend
20160101,2015年十一月廿二,1,元旦,0
20160102,2015年十一月廿三,1,null,1
20160103,2015年十一月廿四,1,null,2
20160104,2015年十一月廿五,0,null,0
20160105,2015年十一月廿六,0,null,0
20160106,2015年十一月廿七,0,小寒,0
20160107,2015年十一月廿八,0,null,0
20160108,2015年十一月廿九,0,null,0
20160109,2015年十一月三十,1,null,1
20160110,2015年十二月初一,1,null,2
20160111,2015年十二月初二,0,null,0
20160112,2015年十二月初三,0,null,0
20160113,2015年十二月初四,0,null,0
20160114,2015年十二月初五,0,null,0
20160115,2015年十二月初六,0,null,0
20160116,2015年十二月初七,1,null,1
20160117,2015年十二月初八,1,腊八节,2
20160118,2015年十二月初九,0,null,0
20160119,2015年十二月初十,0,null,0
20160120,2015年十二月十一,0,大寒,0
20160121,2015年十二月十二,0,null,0
20160122,2015年十二月十三,0,null,0
20160123,2015年十二月十四,1,null,1
20160124,2015年十二月十五,1,null,2
20160125,2015年十二月十六,0,null,0
20160126,2015年十二月十七,0,null,0
20160127,2015年十二月十八,0,null,0
20160128,2015年十二月十九,0,null,0
20160129,2015年十二月二十,0,null,0
20160130,2015年十二月廿一,1,null,1
20160131,2015年十二月廿二,1,null,2
20160201,2015年十二月廿三,0,null,0
20160202,2015年十二月廿四,0,小年,0
20160203,2015年十二月廿五,0,null,0
20160204,2015年十二月廿六,0,立春,0
20160205,2015年十二月廿七,0,null,0
20160206,2015年十二月廿八,0,null,1
20160207,2015年十二月廿九,1,除夕,2
20160208,2016年正月初一,1,春节,0
20160213,2016年正月初六,1,null,1
20160214,2016年正月初七,0,情人节,2
20160215,2016年正月初八,0,null,0
20160216,2016年正月初九,0,null,0
20160217,2016年正月初十,0,null,0
20160218,2016年正月十一,0,null,0
20160219,2016年正月十二,0,雨水,0
20160220,2016年正月十三,1,null,1
20160221,2016年正月十四,1,null,2
20160222,2016年正月十五,0,元宵节,0
20160223,2016年正月十六,0,null,0
20160224,2016年正月十七,0,null,0
20160225,2016年正月十八,0,null,0
20160226,2016年正月十九,0,null,0
20160227,2016年正月二十,1,null,1
20160228,2016年正月廿一,1,null,2
20160229,2016年正月廿二,0,null,0
20160301,2016年正月廿三,0,null,0
20160302,2016年正月廿四,0,null,0
20160303,2016年正月廿五,0,null,0
20160304,2016年正月廿六,0,null,0
20160305,2016年正月廿七,1,惊蛰,1
20160306,2016年正月廿八,1,null,2
20160307,2016年正月廿九,0,null,0
20160308,2016年正月三十,0,妇女节,0
20160309,2016年二月初一,0,null,0
20160310,2016年二月初二,0,龙抬头,0
20160311,2016年二月初三,0,null,0
20160312,2016年二月初四,1,植树节,1
20160313,2016年二月初五,1,null,2
20160314,2016年二月初六,0,null,0
20160315,2016年二月初七,0,null,0
20160316,2016年二月初八,0,null,0
20160317,2016年二月初九,0,null,0
20160318,2016年二月初十,0,null,0
20160319,2016年二月十一,1,null,1
20160320,2016年二月十二,1,春分,2
20160321,2016年二月十三,0,null,0
20160322,2016年二月十四,0,null,0
20160323,2016年二月十五,0,null,0
20160324,2016年二月十六,0,null,0
20160325,2016年二月十七,0,null,0
20160326,2016年二月十八,1,null,1
20160327,2016年二月十九,1,复活节,2
20160328,2016年二月二十,0,null,0
20160329,2016年二月廿一,0,null,0
20160330,2016年二月廿二,0,null,0
20160331,2016年二月廿三,0,null,0
20160401,2016年二月廿四,0,愚人节,0
20160402,2016年二月廿五,1,null,1
20160403,2016年二月廿六,1,null,2
20160404,2016年二月廿七,1,清明,0
20160405,2016年二月廿八,0,null,0
20160406,2016年二月廿九,0,null,0
20160407,2016年三月初一,0,null,0
20160408,2016年三月初二,0,null,0
20160409,2016年三月初三,1,null,1
20160410,2016年三月初四,1,null,2
20160411,2016年三月初五,0,null,0
20160412,2016年三月初六,0,null,0
20160413,2016年三月初七,0,null,0
20160414,2016年三月初八,0,null,0
20160415,2016年三月初九,0,null,0
20160416,2016年三月初十,1,null,1
20160417,2016年三月十一,1,null,2
20160418,2016年三月十二,0,null,0
20160419,2016年三月十三,0,谷雨,0
20160420,2016年三月十四,0,null,0
20160421,2016年三月十五,0,null,0
20160422,2016年三月十六,0,null,0
20160423,2016年三月十七,1,null,1
20160424,2016年三月十八,1,null,2
20160425,2016年三月十九,0,null,0
20160426,2016年三月二十,0,null,0
20160427,2016年三月廿一,0,null,0
20160428,2016年三月廿二,0,null,0
20160429,2016年三月廿三,0,null,0
20160430,2016年三月廿四,1,null,1
20160501,2016年三月廿五,1,劳动节,2
20160502,2016年三月廿六,1,null,0
20160503,2016年三月廿七,0,null,0
20160504,2016年三月廿八,0,青年节,0
20160505,2016年三月廿九,0,立夏,0
20160506,2016年三月三十,0,null,0
20160507,2016年四月初一,1,null,1
20160508,2016年四月初二,1,母亲节,2
20160509,2016年四月初三,0,null,0
20160510,2016年四月初四,0,null,0
20160511,2016年四月初五,0,null,0
20160512,2016年四月初六,0,null,0
20160513,2016年四月初七,0,null,0
20160514,2016年四月初八,1,null,1
20160515,2016年四月初九,1,null,2
20160516,2016年四月初十,0,null,0
20160517,2016年四月十一,0,null,0
20160518,2016年四月十二,0,null,0
20160519,2016年四月十三,0,519,0
20160520,2016年四月十四,0,520,0
20160521,2016年四月十五,1,521,1
20160522,2016年四月十六,1,null,2
20160523,2016年四月十七,0,null,0
20160524,2016年四月十八,0,null,0
20160525,2016年四月十九,0,null,0
20160526,2016年四月二十,0,null,0
20160527,2016年四月廿一,0,null,0
20160528,2016年四月廿二,1,null,1
20160529,2016年四月廿三,1,null,2
20160530,2016年四月廿四,0,null,0
20160531,2016年四月廿五,0,无烟日,0
20160601,2016年四月廿六,0,儿童节,0
20160602,2016年四月廿七,0,null,0
20160603,2016年四月廿八,0,null,0
20160604,2016年四月廿九,1,null,1
20160605,2016年五月初一,1,芒种,2
20160606,2016年五月初二,0,null,0
20160607,2016年五月初三,0,null,0
20160608,2016年五月初四,0,null,0
20160609,2016年五月初五,1,端午节,0
20160610,2016年五月初六,1,null,0
20160611,2016年五月初七,1,null,1
20160612,2016年五月初八,0,null,2
20160613,2016年五月初九,0,null,0
20160614,2016年五月初十,0,null,0
20160615,2016年五月十一,0,null,0
20160616,2016年五月十二,0,null,0
20160617,2016年五月十三,0,null,0
20160618,2016年五月十四,1,618,1
20160619,2016年五月十五,1,父亲节,2
20160620,2016年五月十六,0,null,0
20160621,2016年五月十七,0,夏至,0
20160622,2016年五月十八,0,null,0
20160623,2016年五月十九,0,null,0
20160624,2016年五月二十,0,null,0
20160625,2016年五月廿一,1,null,1
20160626,2016年五月廿二,1,null,2
20160627,2016年五月廿三,0,null,0
20160628,2016年五月廿四,0,null,0
20160629,2016年五月廿五,0,null,0
20160630,2016年五月廿六,0,null,0
20160701,2016年五月廿七,0,建党日,0
20160702,2016年五月廿八,1,null,1
20160703,2016年五月廿九,1,null,2
20160704,2016年六月初一,0,null,0
20160705,2016年六月初二,0,null,0
20160706,2016年六月初三,0,接吻日,0
20160707,2016年六月初四,0,小暑,0
20160708,2016年六月初五,0,null,0
20160709,2016年六月初六,1,null,1
20160710,2016年六月初七,1,null,2
20160711,2016年六月初八,0,null,0
20160712,2016年六月初九,0,null,0
20160713,2016年六月初十,0,null,0
20160714,2016年六月十一,0,null,0
20160715,2016年六月十二,0,null,0
20160716,2016年六月十三,1,null,1
20160717,2016年六月十四,1,null,2
20160718,2016年六月十五,0,null,0
20160719,2016年六月十六,0,null,0
20160720,2016年六月十七,0,null,0
20160721,2016年六月十八,0,null,0
20160722,2016年六月十九,0,大暑,0
20160723,2016年六月二十,1,null,1
20160724,2016年六月廿一,1,null,2
20160725,2016年六月廿二,0,null,0
20160726,2016年六月廿三,0,null,0
20160727,2016年六月廿四,0,null,0
20160728,2016年六月廿五,0,null,0
20160729,2016年六月廿六,0,null,0
20160730,2016年六月廿七,1,null,1
20160731,2016年六月廿八,1,null,2
20160801,2016年六月廿九,0,建军节,0
20160802,2016年六月三十,0,null,0
20160803,2016年七月初一,0,null,0
20160804,2016年七月初二,0,null,0
20160805,2016年七月初三,0,null,0
20160806,2016年七月初四,1,null,1
20160807,2016年七月初五,1,立秋,2
20160808,2016年七月初六,0,null,0
20160809,2016年七月初七,0,七夕节,0
20160810,2016年七月初八,0,null,0
20160811,2016年七月初九,0,null,0
20160812,2016年七月初十,0,null,0
20160813,2016年七月十一,1,null,1
20160814,2016年七月十二,1,null,2
20160815,2016年七月十三,0,null,0
20160816,2016年七月十四,0,null,0
20160817,2016年七月十五,0,null,0
20160818,2016年七月十六,0,null,0
20160819,2016年七月十七,0,null,0
20160820,2016年七月十八,1,null,1
20160821,2016年七月十九,1,null,2
20160822,2016年七月二十,0,null,0
20160823,2016年七月廿一,0,处暑,0
20160824,2016年七月廿二,0,null,0
20160825,2016年七月廿三,0,null,0
20160826,2016年七月廿四,0,null,0
20160827,2016年七月廿五,1,null,1
20160828,2016年七月廿六,1,null,2
20160829,2016年七月廿七,0,null,0
20160830,2016年七月廿八,0,null,0
20160831,2016年七月廿九,0,null,0
20160901,2016年八月初一,0,null,0
20160902,2016年八月初二,0,null,0
20160903,2016年八月初三,1,null,1
20160904,2016年八月初四,1,null,2
20160905,2016年八月初五,0,null,0
20160906,2016年八月初六,0,null,0
20160907,2016年八月初七,0,白露,0
20160908,2016年八月初八,0,null,0
20160909,2016年八月初九,0,null,0
20160910,2016年八月初十,1,教师节,1
20160911,2016年八月十一,1,null,2
20160912,2016年八月十二,0,null,0
20160913,2016年八月十三,0,null,0
20160914,2016年八月十四,0,null,0
20160915,2016年八月十五,1,中秋节,0
20160916,2016年八月十六,1,null,0
20160917,2016年八月十七,1,null,1
20160918,2016年八月十八,0,null,2
20160919,2016年八月十九,0,null,0
20160920,2016年八月二十,0,null,0
20160921,2016年八月廿一,0,null,0
20160922,2016年八月廿二,0,秋分,0
20160923,2016年八月廿三,0,null,0
20160924,2016年八月廿四,1,null,1
20160925,2016年八月廿五,1,null,2
20160926,2016年八月廿六,0,null,0
20160927,2016年八月廿七,0,null,0
20160928,2016年八月廿八,0,null,0
20160929,2016年八月廿九,0,null,0
20160930,2016年八月三十,0,null,0
20161001,2016年九月初一,1,国庆节,1
20161002,2016年九月初二,1,null,2
20161003,2016年九月初三,1,null,0
20161004,2016年九月初四,1,null,0
20161005,2016年九月初五,1,null,0
20161006,2016年九月初六,1,null,0
20161007,2016年九月初七,1,null,0
20161008,2016年九月初八,0,寒露,1
20161009,2016年九月初九,0,重阳节,2
20161010,2016年九月初十,0,null,0
20161011,2016年九月十一,0,null,0
20161012,2016年九月十二,0,null,0
20161013,2016年九月十三,0,null,0
20161014,2016年九月十四,0,null,0
20161015,2016年九月十五,1,null,1
20161016,2016年九月十六,1,null,2
20161017,2016年九月十七,0,null,0
20161018,2016年九月十八,0,null,0
20161019,2016年九月十九,0,null,0
20161020,2016年九月二十,0,null,0
20161021,2016年九月廿一,0,null,0
20161022,2016年九月廿二,1,null,1
20161023,2016年九月廿三,1,霜降,2
20161024,2016年九月廿四,0,null,0
20161025,2016年九月廿五,0,null,0
20161026,2016年九月廿六,0,null,0
20161027,2016年九月廿七,0,null,0
20161028,2016年九月廿八,0,null,0
20161029,2016年九月廿九,1,null,1
20161030,2016年九月三十,1,null,2
20161031,2016年十月初一,0,万圣节,0
20161101,2016年十月初二,0,null,0
20161102,2016年十月初三,0,null,0
20161103,2016年十月初四,0,null,0
20161104,2016年十月初五,0,null,0
20161105,2016年十月初六,1,null,1
20161106,2016年十月初七,1,null,2
20161107,2016年十月初八,0,立冬,0
20161108,2016年十月初九,0,null,0
20161109,2016年十月初十,0,null,0
20161110,2016年十月十一,0,null,0
20161111,2016年十月十二,0,双十一,0
20161112,2016年十月十三,1,null,1
20161113,2016年十月十四,1,null,2
20161114,2016年十月十五,0,null,0
20161115,2016年十月十六,0,null,0
20161116,2016年十月十七,0,null,0
20161117,2016年十月十八,0,null,0
20161118,2016年十月十九,0,null,0
20161119,2016年十月二十,1,null,1
20161120,2016年十月廿一,1,null,2
20161121,2016年十月廿二,0,null,0
20161122,2016年十月廿三,0,小雪,0
20161123,2016年十月廿四,0,null,0
20161124,2016年十月廿五,0,null,0
20161125,2016年十月廿六,0,null,0
20161126,2016年十月廿七,1,感恩节,1
20161127,2016年十月廿八,1,null,2
20161128,2016年十月廿九,0,null,0
20161129,2016年十一月初一,0,null,0
20161130,2016年十一月初二,0,null,0
20161201,2016年十一月初三,0,null,0
20161202,2016年十一月初四,0,null,0
20161203,2016年十一月初五,1,null,1
20161204,2016年十一月初六,1,null,2
20161205,2016年十一月初七,0,null,0
20161206,2016年十一月初八,0,null,0
20161207,2016年十一月初九,0,大雪,0
20161208,2016年十一月初十,0,null,0
20161209,2016年十一月十一,0,null,0
20161210,2016年十一月十二,1,null,1
20161211,2016年十一月十三,1,null,2
20161212,2016年十一月十四,0,双十二,0
20161213,2016年十一月十五,0,null,0
20161214,2016年十一月十六,0,null,0
20161215,2016年十一月十七,0,null,0
20161216,2016年十一月十八,0,null,0
20161217,2016年十一月十九,1,null,1
20161218,2016年十一月二十,1,null,2
20161219,2016年十一月廿一,0,null,0
20161220,2016年十一月廿二,0,null,0
20161221,2016年十一月廿三,0,冬至,0
20161222,2016年十一月廿四,0,null,0
20161223,2016年十一月廿五,0,null,0
20161224,2016年十一月廿六,1,平安夜,1
20161225,2016年十一月廿七,1,圣诞节,2
20161226,2016年十一月廿八,0,null,0
20161227,2016年十一月廿九,0,null,0
20161228,2016年十一月三十,0,null,0
20161229,2016年十二月初一,0,null,0
20161230,2016年十二月初二,0,null,0
20161231,2016年十二月初三,1,null,1
20180101,2017年十一月十五,1,元旦,0
20180102,2017年十一月十六,0,null,0
20180103,2017年十一月十七,0,null,0
20180104,2017年十一月十八,0,null,0
20180105,2017年十一月十九,0,小寒,0
20180106,2017年十一月二十,1,null,1
20180107,2017年十一月廿一,1,null,2
20180108,2017年十一月廿二,0,null,0
20180109,2017年十一月廿三,0,null,0
20180110,2017年十一月廿四,0,null,0
20180111,2017年十一月廿五,0,null,0
20180112,2017年十一月廿六,0,null,0
20180113,2017年十一月廿七,1,null,1
20180114,2017年十一月廿八,1,null,2
20180115,2017年十一月廿九,0,null,0
20180116,2017年十一月三十,0,null,0
20180117,2017年十二月初一,0,null,0
20180118,2017年十二月初二,0,null,0
20180119,2017年十二月初三,0,null,0
20180120,2017年十二月初四,1,大寒,1
20180121,2017年十二月初五,1,null,2
20180122,2017年十二月初六,0,null,0
20180123,2017年十二月初七,0,null,0
20180124,2017年十二月初八,0,腊八节,0
20180125,2017年十二月初九,0,null,0
20180126,2017年十二月初十,0,null,0
20180127,2017年十二月十一,1,null,1
20180128,2017年十二月十二,1,null,2
20180129,2017年十二月十三,0,null,0
20180130,2017年十二月十四,0,null,0
20180131,2017年十二月十五,0,null,0
20180201,2017年十二月十六,0,null,0
20180202,2017年十二月十七,0,null,0
20180203,2017年十二月十八,1,null,1
20180204,2017年十二月十九,1,立春,2
20180205,2017年十二月二十,0,null,0
20180206,2017年十二月廿一,0,null,0
20180207,2017年十二月廿二,0,null,0
20180208,2017年十二月廿三,0,null,0
20180209,2017年十二月廿四,0,小年,0
20180210,2017年十二月廿五,1,null,1
20180211,2017年十二月廿六,0,null,2
20180212,2017年十二月廿七,0,null,0
20180213,2017年十二月廿八,0,null,0
20180214,2017年十二月廿九,0,情人节,0
20180215,2017年十二月三十,1,除夕,0
20180216,2018年正月初一,1,春节,0
20180221,2018年正月初六,1,null,0
20180222,2018年正月初七,0,null,0
20180223,2018年正月初八,0,null,0
20180224,2018年正月初九,0,null,1
20180225,2018年正月初十,1,null,2
20180226,2018年正月十一,0,null,0
20180227,2018年正月十二,0,null,0
20180228,2018年正月十三,0,null,0
20180301,2018年正月十四,0,null,0
20180302,2018年正月十五,0,元宵节,0
20180303,2018年正月十六,1,null,1
20180304,2018年正月十七,1,null,2
20180305,2018年正月十八,0,惊蛰,0
20180306,2018年正月十九,0,null,0
20180307,2018年正月二十,0,null,0
20180308,2018年正月廿一,0,妇女节,0
20180309,2018年正月廿二,0,null,0
20180310,2018年正月廿三,1,null,1
20180311,2018年正月廿四,1,null,2
20180312,2018年正月廿五,0,植树节,0
20180313,2018年正月廿六,0,null,0
20180314,2018年正月廿七,0,null,0
20180315,2018年正月廿八,0,null,0
20180316,2018年正月廿九,0,null,0
20180317,2018年二月初一,1,null,1
20180318,2018年二月初二,1,龙抬头,2
20180319,2018年二月初三,0,null,0
20180320,2018年二月初四,0,null,0
20180321,2018年二月初五,0,春分,0
20180322,2018年二月初六,0,null,0
20180323,2018年二月初七,0,null,0
20180324,2018年二月初八,1,null,1
20180325,2018年二月初九,1,null,2
20180326,2018年二月初十,0,null,0
20180327,2018年二月十一,0,null,0
20180328,2018年二月十二,0,null,0
20180329,2018年二月十三,0,null,0
20180330,2018年二月十四,0,null,0
20180331,2018年二月十五,1,null,1
20180401,2018年二月十六,1,复活节,2
20180402,2018年二月十七,0,null,0
20180403,2018年二月十八,0,null,0
20180404,2018年二月十九,0,null,0
20180405,2018年二月二十,1,清明,0
20180406,2018年二月廿一,1,null,0
20180407,2018年二月廿二,1,null,1
20180408,2018年二月廿三,0,null,2
20180409,2018年二月廿四,0,null,0
20180410,2018年二月廿五,0,null,0
20180411,2018年二月廿六,0,null,0
20180412,2018年二月廿七,0,null,0
20180413,2018年二月廿八,0,null,0
20180414,2018年二月廿九,1,null,1
20180415,2018年二月三十,1,null,2
20180416,2018年三月初一,0,null,0
20180417,2018年三月初二,0,null,0
20180418,2018年三月初三,0,null,0
20180419,2018年三月初四,0,null,0
20180420,2018年三月初五,0,谷雨,0
20180421,2018年三月初六,1,null,1
20180422,2018年三月初七,1,null,2
20180423,2018年三月初八,0,null,0
20180424,2018年三月初九,0,null,0
20180425,2018年三月初十,0,null,0
20180426,2018年三月十一,0,null,0
20180427,2018年三月十二,0,null,0
20180428,2018年三月十三,0,null,1
20180429,2018年三月十四,1,null,2
20180430,2018年三月十五,1,null,0
20180501,2018年三月十六,1,劳动节,0
20180502,2018年三月十七,0,null,0
20180503,2018年三月十八,0,null,0
20180504,2018年三月十九,0,青年节,0
20180505,2018年三月二十,1,立夏,1
20180506,2018年三月廿一,1,null,2
20180507,2018年三月廿二,0,null,0
20180508,2018年三月廿三,0,null,0
20180509,2018年三月廿四,0,null,0
20180510,2018年三月廿五,0,null,0
20180511,2018年三月廿六,0,null,0
20180512,2018年三月廿七,1,null,1
20180513,2018年三月廿八,1,母亲节,2
20180514,2018年三月廿九,0,null,0
20180515,2018年四月初一,0,null,0
20180516,2018年四月初二,0,null,0
20180517,2018年四月初三,0,null,0
20180518,2018年四月初四,0,null,0
20180519,2018年四月初五,1,519,1
20180520,2018年四月初六,1,520,2
20180521,2018年四月初七,0,521,0
20180522,2018年四月初八,0,null,0
20180523,2018年四月初九,0,null,0
20180524,2018年四月初十,0,null,0
20180525,2018年四月十一,0,null,0
20180526,2018年四月十二,1,null,1
20180527,2018年四月十三,1,null,2
20180528,2018年四月十四,0,null,0
20180529,2018年四月十五,0,null,0
20180530,2018年四月十六,0,null,0
20180531,2018年四月十七,0,无烟日,0
20180601,2018年四月十八,0,儿童节,0
20180602,2018年四月十九,1,null,1
20180603,2018年四月二十,1,null,2
20180604,2018年四月廿一,0,null,0
20180605,2018年四月廿二,0,null,0
20180606,2018年四月廿三,0,芒种,0
20180607,2018年四月廿四,0,null,0
20180608,2018年四月廿五,0,null,0
20180609,2018年四月廿六,1,null,1
20180610,2018年四月廿七,1,null,2
20180611,2018年四月廿八,0,null,0
20180612,2018年四月廿九,0,null,0
20180613,2018年四月三十,0,null,0
20180614,2018年五月初一,0,null,0
20180615,2018年五月初二,0,null,0
20180616,2018年五月初三,1,null,1
20180617,2018年五月初四,1,父亲节,2
20180618,2018年五月初五,1,618,0
20180619,2018年五月初六,0,null,0
20180620,2018年五月初七,0,null,0
20180621,2018年五月初八,0,夏至,0
20180622,2018年五月初九,0,null,0
20180623,2018年五月初十,1,null,1
20180624,2018年五月十一,1,null,2
20180625,2018年五月十二,0,null,0
20180626,2018年五月十三,0,null,0
20180627,2018年五月十四,0,null,0
20180628,2018年五月十五,0,null,0
20180629,2018年五月十六,0,null,0
20180630,2018年五月十七,1,null,1
20180701,2018年五月十八,1,建党日,2
20180702,2018年五月十九,0,null,0
20180703,2018年五月二十,0,null,0
20180704,2018年五月廿一,0,null,0
20180705,2018年五月廿二,0,null,0
20180706,2018年五月廿三,0,接吻日,0
20180707,2018年五月廿四,1,小暑,1
20180708,2018年五月廿五,1,null,2
20180709,2018年五月廿六,0,null,0
20180710,2018年五月廿七,0,null,0
20180711,2018年五月廿八,0,null,0
20180712,2018年五月廿九,0,null,0
20180713,2018年六月初一,0,null,0
20180714,2018年六月初二,1,null,1
20180715,2018年六月初三,1,null,2
20180716,2018年六月初四,0,null,0
20180717,2018年六月初五,0,null,0
20180718,2018年六月初六,0,null,0
20180719,2018年六月初七,0,null,0
20180720,2018年六月初八,0,null,0
20180721,2018年六月初九,1,null,1
20180722,2018年六月初十,1,null,2
20180723,2018年六月十一,0,大暑,0
20180724,2018年六月十二,0,null,0
20180725,2018年六月十三,0,null,0
20180726,2018年六月十四,0,null,0
20180727,2018年六月十五,0,null,0
20180728,2018年六月十六,1,null,1
20180729,2018年六月十七,1,null,2
20180730,2018年六月十八,0,null,0
20180731,2018年六月十九,0,null,0
20180801,2018年六月二十,0,建军节,0
20180802,2018年六月廿一,0,null,0
20180803,2018年六月廿二,0,null,0
20180804,2018年六月廿三,1,null,1
20180805,2018年六月廿四,1,null,2
20180806,2018年六月廿五,0,null,0
20180807,2018年六月廿六,0,立秋,0
20180808,2018年六月廿七,0,null,0
20180809,2018年六月廿八,0,null,0
20180810,2018年六月廿九,0,null,0
20180811,2018年七月初一,1,null,1
20180812,2018年七月初二,1,null,2
20180813,2018年七月初三,0,null,0
20180814,2018年七月初四,0,null,0
20180815,2018年七月初五,0,null,0
20180816,2018年七月初六,0,null,0
20180817,2018年七月初七,0,七夕节,0
20180818,2018年七月初八,1,null,1
20180819,2018年七月初九,1,null,2
20180820,2018年七月初十,0,null,0
20180821,2018年七月十一,0,null,0
20180822,2018年七月十二,0,null,0
20180823,2018年七月十三,0,处暑,0
20180824,2018年七月十四,0,null,0
20180825,2018年七月十五,1,null,1
20180826,2018年七月十六,1,null,2
20180827,2018年七月十七,0,null,0
20180828,2018年七月十八,0,null,0
20180829,2018年七月十九,0,null,0
20180830,2018年七月二十,0,null,0
20180831,2018年七月廿一,0,null,0
20180901,2018年七月廿二,1,null,1
20180902,2018年七月廿三,1,null,2
20180903,2018年七月廿四,0,null,0
20180904,2018年七月廿五,0,null,0
20180905,2018年七月廿六,0,null,0
20180906,2018年七月廿七,0,null,0
20180907,2018年七月廿八,0,null,0
20180908,2018年七月廿九,1,白露,1
20180909,2018年七月三十,1,null,2
20180910,2018年八月初一,0,教师节,0
20180911,2018年八月初二,0,null,0
20180912,2018年八月初三,0,null,0
20180913,2018年八月初四,0,null,0
20180914,2018年八月初五,0,null,0
20180915,2018年八月初六,1,null,1
20180916,2018年八月初七,1,null,2
20180917,2018年八月初八,0,null,0
20180918,2018年八月初九,0,null,0
20180919,2018年八月初十,0,null,0
20180920,2018年八月十一,0,null,0
20180921,2018年八月十二,0,null,0
20180922,2018年八月十三,1,null,1
20180923,2018年八月十四,1,秋分,2
20180924,2018年八月十五,1,中秋节,0
20180925,2018年八月十六,0,null,0
20180926,2018年八月十七,0,null,0
20180927,2018年八月十八,0,null,0
20180928,2018年八月十九,0,null,0
20180929,2018年八月二十,0,null,1
20180930,2018年八月廿一,0,null,2
20181001,2018年八月廿二,1,国庆节,0
20181002,2018年八月廿三,1,null,0
20181003,2018年八月廿四,1,null,0
20181004,2018年八月廿五,1,null,0
20181005,2018年八月廿六,1,null,0
20181006,2018年八月廿七,1,null,1
20181007,2018年八月廿八,1,null,2
20181008,2018年八月廿九,0,寒露,0
20181009,2018年九月初一,0,null,0
20181010,2018年九月初二,0,null,0
20181011,2018年九月初三,0,null,0
20181012,2018年九月初四,0,null,0
20181013,2018年九月初五,1,null,1
20181014,2018年九月初六,1,null,2
20181015,2018年九月初七,0,null,0
20181016,2018年九月初八,0,null,0
20181017,2018年九月初九,0,重阳节,0
20181018,2018年九月初十,0,null,0
20181019,2018年九月十一,0,null,0
20181020,2018年九月十二,1,null,1
20181021,2018年九月十三,1,null,2
20181022,2018年九月十四,0,null,0
20181023,2018年九月十五,0,霜降,0
20181024,2018年九月十六,0,null,0
20181025,2018年九月十七,0,null,0
20181026,2018年九月十八,0,null,0
20181027,2018年九月十九,1,null,1
20181028,2018年九月二十,1,null,2
20181029,2018年九月廿一,0,null,0
20181030,2018年九月廿二,0,null,0
20181031,2018年九月廿三,0,万圣节,0
20181101,2018年九月廿四,0,null,0
20181102,2018年九月廿五,0,null,0
20181103,2018年九月廿六,1,null,1
20181104,2018年九月廿七,1,null,2
20181105,2018年九月廿八,0,null,0
20181106,2018年九月廿九,0,null,0
20181107,2018年九月三十,0,立冬,0
20181108,2018年十月初一,0,null,0
20181109,2018年十月初二,0,null,0
20181110,2018年十月初三,1,null,1
20181111,2018年十月初四,1,双十一,2
20181112,2018年十月初五,0,null,0
20181113,2018年十月初六,0,null,0
20181114,2018年十月初七,0,null,0
20181115,2018年十月初八,0,null,0
20181116,2018年十月初九,0,null,0
20181117,2018年十月初十,1,null,1
20181118,2018年十月十一,1,null,2
20181119,2018年十月十二,0,null,0
20181120,2018年十月十三,0,null,0
20181121,2018年十月十四,0,null,0
20181122,2018年十月十五,0,小雪,0
20181123,2018年十月十六,0,null,0
20181124,2018年十月十七,1,null,1
20181125,2018年十月十八,1,null,2
20181126,2018年十月十九,0,感恩节,0
20181127,2018年十月二十,0,null,0
20181128,2018年十月廿一,0,null,0
20181129,2018年十月廿二,0,null,0
20181130,2018年十月廿三,0,null,0
20181201,2018年十月廿四,1,null,1
20181202,2018年十月廿五,1,null,2
20181203,2018年十月廿六,0,null,0
20181204,2018年十月廿七,0,null,0
20181205,2018年十月廿八,0,null,0
20181206,2018年十月廿九,0,null,0
20181207,2018年十一月初一,0,大雪,0
20181208,2018年十一月初二,1,null,1
20181209,2018年十一月初三,1,null,2
20181210,2018年十一月初四,0,null,0
20181211,2018年十一月初五,0,null,0
20181212,2018年十一月初六,0,双十二,0
20181213,2018年十一月初七,0,null,0
20181214,2018年十一月初八,0,null,0
20181215,2018年十一月初九,1,null,1
20181216,2018年十一月初十,1,null,2
20181217,2018年十一月十一,0,null,0
20181218,2018年十一月十二,0,null,0
20181219,2018年十一月十三,0,null,0
20181220,2018年十一月十四,0,null,0
20181221,2018年十一月十五,0,null,0
20181222,2018年十一月十六,1,冬至,1
20181223,2018年十一月十七,1,null,2
20181224,2018年十一月十八,0,平安夜,0
20181225,2018年十一月十九,0,圣诞节,0
20181226,2018年十一月二十,0,null,0
20181227,2018年十一月廿一,0,null,0
20181228,2018年十一月廿二,0,null,0
20181229,2018年十一月廿三,1,null,1
20181230,2018年十一月廿四,1,null,2
20181231,2018年十一月廿五,0,null,0
20170101,2016年十二月初四,1,元旦,2
20170102,2016年十二月初五,1,null,0
20170103,2016年十二月初六,0,null,0
20170104,2016年十二月初七,0,null,0
20170105,2016年十二月初八,0,腊八节,0
20170106,2016年十二月初九,0,null,0
20170107,2016年十二月初十,1,null,1
20170108,2016年十二月十一,1,null,2
20170109,2016年十二月十二,0,null,0
20170110,2016年十二月十三,0,null,0
20170111,2016年十二月十四,0,null,0
20170112,2016年十二月十五,0,null,0
20170113,2016年十二月十六,0,null,0
20170114,2016年十二月十七,1,null,1
20170115,2016年十二月十八,1,null,2
20170116,2016年十二月十九,0,null,0
20170117,2016年十二月二十,0,null,0
20170118,2016年十二月廿一,0,null,0
20170119,2016年十二月廿二,0,null,0
20170120,2016年十二月廿三,0,大寒,0
20170121,2016年十二月廿四,1,小年,1
20170122,2016年十二月廿五,0,null,2
20170123,2016年十二月廿六,0,null,0
20170124,2016年十二月廿七,0,null,0
20170125,2016年十二月廿八,0,null,0
20170126,2016年十二月廿九,0,null,0
20170127,2016年十二月三十,1,除夕,0
20170128,2017年正月初一,1,春节,1
20170202,2017年正月初六,1,null,0
20170203,2017年正月初七,0,立春,0
20170204,2017年正月初八,0,null,1
20170205,2017年正月初九,1,null,2
20170206,2017年正月初十,0,null,0
20170207,2017年正月十一,0,null,0
20170208,2017年正月十二,0,null,0
20170209,2017年正月十三,0,null,0
20170210,2017年正月十四,0,null,0
20170211,2017年正月十五,1,元宵节,1
20170212,2017年正月十六,1,null,2
20170213,2017年正月十七,0,null,0
20170214,2017年正月十八,0,情人节,0
20170215,2017年正月十九,0,null,0
20170216,2017年正月二十,0,null,0
20170217,2017年正月廿一,0,null,0
20170218,2017年正月廿二,1,雨水,1
20170219,2017年正月廿三,1,null,2
20170220,2017年正月廿四,0,null,0
20170221,2017年正月廿五,0,null,0
20170222,2017年正月廿六,0,null,0
20170223,2017年正月廿七,0,null,0
20170224,2017年正月廿八,0,null,0
20170225,2017年正月廿九,1,null,1
20170226,2017年二月初一,1,null,2
20170227,2017年二月初二,0,龙抬头,0
20170228,2017年二月初三,0,null,0
20170301,2017年二月初四,0,null,0
20170302,2017年二月初五,0,null,0
20170303,2017年二月初六,0,null,0
20170304,2017年二月初七,1,null,1
20170305,2017年二月初八,1,惊蛰,2
20170306,2017年二月初九,0,null,0
20170307,2017年二月初十,0,null,0
20170308,2017年二月十一,0,妇女节,0
20170309,2017年二月十二,0,null,0
20170310,2017年二月十三,0,null,0
20170311,2017年二月十四,1,null,1
20170312,2017年二月十五,1,植树节,2
20170313,2017年二月十六,0,null,0
20170314,2017年二月十七,0,null,0
20170315,2017年二月十八,0,null,0
20170316,2017年二月十九,0,null,0
20170317,2017年二月二十,0,null,0
20170318,2017年二月廿一,1,null,1
20170319,2017年二月廿二,1,null,2
20170320,2017年二月廿三,0,春分,0
20170321,2017年二月廿四,0,null,0
20170322,2017年二月廿五,0,null,0
20170323,2017年二月廿六,0,null,0
20170324,2017年二月廿七,0,null,0
20170325,2017年二月廿八,1,null,1
20170326,2017年二月廿九,1,null,2
20170327,2017年二月三十,0,null,0
20170328,2017年三月初一,0,null,0
20170329,2017年三月初二,0,null,0
20170330,2017年三月初三,0,null,0
20170331,2017年三月初四,0,null,0
20170401,2017年三月初五,0,愚人节,1
20170402,2017年三月初六,1,null,2
20170403,2017年三月初七,1,null,0
20170404,2017年三月初八,1,清明,0
20170405,2017年三月初九,0,null,0
20170406,2017年三月初十,0,null,0
20170407,2017年三月十一,0,null,0
20170408,2017年三月十二,1,null,1
20170409,2017年三月十三,1,null,2
20170410,2017年三月十四,0,null,0
20170411,2017年三月十五,0,null,0
20170412,2017年三月十六,0,null,0
20170413,2017年三月十七,0,null,0
20170414,2017年三月十八,0,null,0
20170415,2017年三月十九,1,null,1
20170416,2017年三月二十,1,复活节,2
20170417,2017年三月廿一,0,null,0
20170418,2017年三月廿二,0,null,0
20170419,2017年三月廿三,0,null,0
20170420,2017年三月廿四,0,谷雨,0
20170421,2017年三月廿五,0,null,0
20170422,2017年三月廿六,1,null,1
20170423,2017年三月廿七,1,null,2
20170424,2017年三月廿八,0,null,0
20170425,2017年三月廿九,0,null,0
20170426,2017年四月初一,0,null,0
20170427,2017年四月初二,0,null,0
20170428,2017年四月初三,0,null,0
20170429,2017年四月初四,1,null,1
20170430,2017年四月初五,1,null,2
20170501,2017年四月初六,1,劳动节,0
20170502,2017年四月初七,0,null,0
20170503,2017年四月初八,0,null,0
20170504,2017年四月初九,0,青年节,0
20170505,2017年四月初十,0,立夏,0
20170506,2017年四月十一,1,null,1
20170507,2017年四月十二,1,null,2
20170508,2017年四月十三,0,null,0
20170509,2017年四月十四,0,null,0
20170510,2017年四月十五,0,null,0
20170511,2017年四月十六,0,null,0
20170512,2017年四月十七,0,null,0
20170513,2017年四月十八,1,null,1
20170514,2017年四月十九,1,母亲节,2
20170515,2017年四月二十,0,null,0
20170516,2017年四月廿一,0,null,0
20170517,2017年四月廿二,0,null,0
20170518,2017年四月廿三,0,null,0
20170519,2017年四月廿四,0,519,0
20170520,2017年四月廿五,1,520,1
20170521,2017年四月廿六,1,521,2
20170522,2017年四月廿七,0,null,0
20170523,2017年四月廿八,0,null,0
20170524,2017年四月廿九,0,null,0
20170525,2017年四月三十,0,null,0
20170526,2017年五月初一,0,null,0
20170527,2017年五月初二,0,null,1
20170528,2017年五月初三,1,null,2
20170529,2017年五月初四,1,null,0
20170530,2017年五月初五,1,端午节,0
20170531,2017年五月初六,0,无烟日,0
20170601,2017年五月初七,0,儿童节,0
20170602,2017年五月初八,0,null,0
20170603,2017年五月初九,1,null,1
20170604,2017年五月初十,1,null,2
20170605,2017年五月十一,0,芒种,0
20170606,2017年五月十二,0,null,0
20170607,2017年五月十三,0,null,0
20170608,2017年五月十四,0,null,0
20170609,2017年五月十五,0,null,0
20170610,2017年五月十六,1,null,1
20170611,2017年五月十七,1,null,2
20170612,2017年五月十八,0,null,0
20170613,2017年五月十九,0,null,0
20170614,2017年五月二十,0,null,0
20170615,2017年五月廿一,0,null,0
20170616,2017年五月廿二,0,null,0
20170617,2017年五月廿三,1,null,1
20170618,2017年五月廿四,1,618,2
20170619,2017年五月廿五,0,null,0
20170620,2017年五月廿六,0,null,0
20170621,2017年五月廿七,0,夏至,0
20170622,2017年五月廿八,0,null,0
20170623,2017年五月廿九,0,null,0
20170624,2017年六月初一,1,null,1
20170625,2017年六月初二,1,null,2
20170626,2017年六月初三,0,null,0
20170627,2017年六月初四,0,null,0
20170628,2017年六月初五,0,null,0
20170629,2017年六月初六,0,null,0
20170630,2017年六月初七,0,null,0
20170701,2017年六月初八,1,建党日,1
20170702,2017年六月初九,1,null,2
20170703,2017年六月初十,0,null,0
20170704,2017年六月十一,0,null,0
20170705,2017年六月十二,0,null,0
20170706,2017年六月十三,0,接吻日,0
20170707,2017年六月十四,0,小暑,0
20170708,2017年六月十五,1,null,1
20170709,2017年六月十六,1,null,2
20170710,2017年六月十七,0,null,0
20170711,2017年六月十八,0,null,0
20170712,2017年六月十九,0,null,0
20170713,2017年六月二十,0,null,0
20170714,2017年六月廿一,0,null,0
20170715,2017年六月廿二,1,null,1
20170716,2017年六月廿三,1,null,2
20170717,2017年六月廿四,0,null,0
20170718,2017年六月廿五,0,null,0
20170719,2017年六月廿六,0,null,0
20170720,2017年六月廿七,0,null,0
20170721,2017年六月廿八,0,null,0
20170722,2017年六月廿九,1,大暑,1
20170723,2017年六月初一,1,null,2
20170724,2017年六月初二,0,null,0
20170725,2017年六月初三,0,null,0
20170726,2017年六月初四,0,null,0
20170727,2017年六月初五,0,null,0
20170728,2017年六月初六,0,null,0
20170729,2017年六月初七,1,null,1
20170730,2017年六月初八,1,null,2
20170731,2017年六月初九,0,null,0
20170801,2017年六月初十,0,建军节,0
20170802,2017年六月十一,0,null,0
20170803,2017年六月十二,0,null,0
20170804,2017年六月十三,0,null,0
20170805,2017年六月十四,1,null,1
20170806,2017年六月十五,1,null,2
20170807,2017年六月十六,0,立秋,0
20170808,2017年六月十七,0,null,0
20170809,2017年六月十八,0,null,0
20170810,2017年六月十九,0,null,0
20170811,2017年六月二十,0,null,0
20170812,2017年六月廿一,1,null,1
20170813,2017年六月廿二,1,null,2
20170814,2017年六月廿三,0,null,0
20170815,2017年六月廿四,0,null,0
20170816,2017年六月廿五,0,null,0
20170817,2017年六月廿六,0,null,0
20170818,2017年六月廿七,0,null,0
20170819,2017年六月廿八,1,null,1
20170820,2017年六月廿九,1,null,2
20170821,2017年六月三十,0,null,0
20170822,2017年七月初一,0,null,0
20170823,2017年七月初二,0,处暑,0
20170824,2017年七月初三,0,null,0
20170825,2017年七月初四,0,null,0
20170826,2017年七月初五,0,null,0
20170827,2017年七月初六,0,null,0
20170828,2017年七月初七,1,七夕节,2
20170829,2017年七月初八,0,null,0
20170830,2017年七月初九,0,null,0
20170831,2017年七月初十,0,null,0
20170901,2017年七月十一,0,null,0
20170902,2017年七月十二,0,null,0
20170903,2017年七月十三,0,null,0
20170904,2017年七月十四,0,null,0
20170905,2017年七月十五,0,null,0
20170906,2017年七月十六,0,null,0
20170907,2017年七月十七,0,白露,0
20170908,2017年七月十八,0,null,0
20170909,2017年七月十九,1,null,1
20170910,2017年七月二十,1,教师节,2
20170911,2017年七月廿一,0,null,0
20170912,2017年七月廿二,0,null,0
20170913,2017年七月廿三,0,null,0
20170914,2017年七月廿四,0,null,0
20170915,2017年七月廿五,0,null,0
20170916,2017年七月廿六,1,null,1
20170917,2017年七月廿七,1,null,2
20170918,2017年七月廿八,0,null,0
20170919,2017年七月廿九,0,null,0
20170920,2017年八月初一,0,null,0
20170921,2017年八月初二,0,null,0
20170922,2017年八月初三,0,null,0
20170923,2017年八月初四,1,秋分,1
20170924,2017年八月初五,1,null,2
20170925,2017年八月初六,0,null,0
20170926,2017年八月初七,0,null,0
20170927,2017年八月初八,0,null,0
20170928,2017年八月初九,0,null,0
20170929,2017年八月初十,0,null,0
20170930,2017年八月十一,0,null,1
20171001,2017年八月十二,1,国庆节,2
20171002,2017年八月十三,1,null,0
20171003,2017年八月十四,1,null,0
20171004,2017年八月十五,1,中秋节,0
20171005,2017年八月十六,1,null,0
20171006,2017年八月十七,1,null,0
20171007,2017年八月十八,1,null,1
20171008,2017年八月十九,1,寒露,2
20171009,2017年八月二十,0,null,0
20171010,2017年八月廿一,0,null,0
20171011,2017年八月廿二,0,null,0
20171012,2017年八月廿三,0,null,0
20171013,2017年八月廿四,0,null,0
20171014,2017年八月廿五,1,null,1
20171015,2017年八月廿六,1,null,2
20171016,2017年八月廿七,0,null,0
20171017,2017年八月廿八,0,null,0
20171018,2017年八月廿九,0,null,0
20171019,2017年八月三十,0,null,0
20171020,2017年九月初一,0,null,0
20171021,2017年九月初二,1,null,1
20171022,2017年九月初三,1,null,2
20171023,2017年九月初四,0,霜降,0
20171024,2017年九月初五,0,null,0
20171025,2017年九月初六,0,null,0
20171026,2017年九月初七,0,null,0
20171027,2017年九月初八,0,重阳节,0
20171028,2017年九月初九,1,null,1
20171029,2017年九月初十,1,null,2
20171030,2017年九月十一,0,null,0
20171031,2017年九月十二,0,万圣节,0
20171101,2017年九月十三,0,null,0
20171102,2017年九月十四,0,null,0
20171103,2017年九月十五,0,null,0
20171104,2017年九月十六,1,null,1
20171105,2017年九月十七,1,null,2
20171106,2017年九月十八,0,null,0
20171107,2017年九月十九,0,立冬,0
20171108,2017年九月二十,0,null,0
20171109,2017年九月廿一,0,null,0
20171110,2017年九月廿二,0,null,0
20171111,2017年九月廿三,1,双十一,1
20171112,2017年九月廿四,1,null,2
20171113,2017年九月廿五,0,null,0
20171114,2017年九月廿六,0,null,0
20171115,2017年九月廿七,0,null,0
20171116,2017年九月廿八,0,null,0
20171117,2017年九月廿九,0,null,0
20171118,2017年十月初一,1,null,1
20171119,2017年十月初二,1,null,2
20171120,2017年十月初三,0,null,0
20171121,2017年十月初四,0,null,0
20171122,2017年十月初五,0,小雪,0
20171123,2017年十月初六,0,null,0
20171124,2017年十月初七,0,null,0
20171125,2017年十月初八,1,null,1
20171126,2017年十月初九,1,感恩节,2
20171127,2017年十月初十,0,null,0
20171128,2017年十月十一,0,null,0
20171129,2017年十月十二,0,null,0
20171130,2017年十月十三,0,null,0
20171201,2017年十月十四,0,null,0
20171202,2017年十月十五,1,null,1
20171203,2017年十月十六,1,null,2
20171204,2017年十月十七,0,null,0
20171205,2017年十月十八,0,null,0
20171206,2017年十月十九,0,null,0
20171207,2017年十月二十,0,大雪,0
20171208,2017年十月廿一,0,null,0
20171209,2017年十月廿二,1,null,1
20171210,2017年十月廿三,1,null,2
20171211,2017年十月廿四,0,null,0
20171212,2017年十月廿五,0,双十二,0
20171213,2017年十月廿六,0,null,0
20171214,2017年十月廿七,0,null,0
20171215,2017年十月廿八,0,null,0
20171216,2017年十月廿九,1,null,1
20171217,2017年十月三十,1,null,2
20171218,2017年十一月初一,0,null,0
20171219,2017年十一月初二,0,null,0
20171220,2017年十一月初三,0,null,0
20171221,2017年十一月初四,0,null,0
20171222,2017年十一月初五,0,冬至,0
20171223,2017年十一月初六,1,null,1
20171224,2017年十一月初七,1,平安夜,2
20171225,2017年十一月初八,0,圣诞节,0
20171226,2017年十一月初九,0,null,0
20171227,2017年十一月初十,0,null,0
20171228,2017年十一月十一,0,null,0
20171229,2017年十一月十二,0,null,0
20171230,2017年十一月十三,1,null,1
20171231,2017年十一月十四,1,null,2
